{
  "name": "rt_16_24_32_d24",
  "keras": "D:\\STUDY\\hrrr-radar-monitor-system\\models\\snore_realtime_optimized\\rt_16_24_32_d24\\rt_16_24_32_d24.keras",
  "tflite": "D:\\STUDY\\hrrr-radar-monitor-system\\models\\snore_realtime_optimized\\rt_16_24_32_d24\\rt_16_24_32_d24_int8.tflite",
  "header": "D:\\STUDY\\hrrr-radar-monitor-system\\models\\snore_realtime_optimized\\rt_16_24_32_d24\\rt_16_24_32_d24_snore_model_data.h",
  "keras_bytes": 185927,
  "tflite_bytes": 20448,
  "smaller_than_old_first_model": true,
  "tflite_sha256": "3880da5d98a1b8c3664058b39f90f1bf913d3dd6e3c14bf31b8318879f1d28f4",
  "operators": [
    "SHAPE",
    "STRIDED_SLICE",
    "PACK",
    "RESHAPE",
    "CONV_2D",
    "MAX_POOL_2D",
    "CONV_2D",
    "MAX_POOL_2D",
    "CONV_2D",
    "MEAN",
    "FULLY_CONNECTED",
    "FULLY_CONNECTED",
    "SOFTMAX"
  ],
  "unsupported_ops": [],
  "float_fixed_threshold": {
    "accuracy": 0.9733333333333334,
    "precision": 0.9733333333333334,
    "recall": 0.9733333333333334,
    "f1": 0.9733333333333334,
    "auc": 0.9967999999999999,
    "threshold": 0.6,
    "confusion_matrix": [
      [
        73,
        2
      ],
      [
        2,
        73
      ]
    ]
  },
  "int8_fixed_threshold": {
    "accuracy": 0.9733333333333334,
    "precision": 0.9733333333333334,
    "recall": 0.9733333333333334,
    "specificity": 0.9733333333333334,
    "npv": 0.9733333333333334,
    "f1": 0.9733333333333334,
    "balanced_accuracy": 0.9733333333333334,
    "mcc": 0.9466666666666667,
    "fpr": 0.02666666666666667,
    "fnr": 0.02666666666666667,
    "roc_auc": 0.9914666666666666,
    "average_precision": 0.9837455716788043,
    "tp": 73,
    "fp": 2,
    "fn": 2,
    "tn": 73,
    "confusion_matrix": [
      [
        73,
        2
      ],
      [
        2,
        73
      ]
    ],
    "threshold": 0.6
  },
  "int8_best_threshold": {
    "accuracy": 0.98,
    "precision": 0.9615384615384616,
    "recall": 1.0,
    "specificity": 0.96,
    "npv": 1.0,
    "f1": 0.9803921568627451,
    "balanced_accuracy": 0.98,
    "mcc": 0.9607689228305228,
    "fpr": 0.04,
    "fnr": 0.0,
    "roc_auc": 0.9914666666666666,
    "average_precision": 0.9837455716788043,
    "tp": 75,
    "fp": 3,
    "fn": 0,
    "tn": 72,
    "confusion_matrix": [
      [
        72,
        3
      ],
      [
        0,
        75
      ]
    ],
    "threshold": 0.09375
  },
  "benchmark": {
    "runs": 400,
    "mean_ms": 0.09096924999823841,
    "median_ms": 0.08620000005521433,
    "p95_ms": 0.0967749999745137,
    "max_ms": 0.332400000047528
  },
  "epochs_ran": 36,
  "best_val_accuracy": 0.9866666793823242,
  "best_val_loss": 0.05439713969826698
}