{
  "name": "rt_12_24_32_d24",
  "keras": "D:\\STUDY\\hrrr-radar-monitor-system\\models\\snore_realtime_optimized\\rt_12_24_32_d24\\rt_12_24_32_d24.keras",
  "tflite": "D:\\STUDY\\hrrr-radar-monitor-system\\models\\snore_realtime_optimized\\rt_12_24_32_d24\\rt_12_24_32_d24_int8.tflite",
  "header": "D:\\STUDY\\hrrr-radar-monitor-system\\models\\snore_realtime_optimized\\rt_12_24_32_d24\\rt_12_24_32_d24_snore_model_data.h",
  "keras_bytes": 175079,
  "tflite_bytes": 19432,
  "smaller_than_old_first_model": true,
  "tflite_sha256": "4c5e36adaab688d37bbaaa3f0a9f546ef6c97f17a244be82dcfda3c8ab158cad",
  "operators": [
    "SHAPE",
    "STRIDED_SLICE",
    "PACK",
    "RESHAPE",
    "CONV_2D",
    "MAX_POOL_2D",
    "CONV_2D",
    "MAX_POOL_2D",
    "CONV_2D",
    "MEAN",
    "FULLY_CONNECTED",
    "FULLY_CONNECTED",
    "SOFTMAX"
  ],
  "unsupported_ops": [],
  "float_fixed_threshold": {
    "accuracy": 0.96,
    "precision": 0.9726027397260274,
    "recall": 0.9466666666666667,
    "f1": 0.9594594594594594,
    "auc": 0.9959111111111111,
    "threshold": 0.6,
    "confusion_matrix": [
      [
        73,
        2
      ],
      [
        4,
        71
      ]
    ]
  },
  "int8_fixed_threshold": {
    "accuracy": 0.9533333333333334,
    "precision": 0.9722222222222222,
    "recall": 0.9333333333333333,
    "specificity": 0.9733333333333334,
    "npv": 0.9358974358974359,
    "f1": 0.9523809523809523,
    "balanced_accuracy": 0.9533333333333334,
    "mcc": 0.9073928715621604,
    "fpr": 0.02666666666666667,
    "fnr": 0.06666666666666667,
    "roc_auc": 0.9957333333333334,
    "average_precision": 0.9954964469560357,
    "tp": 70,
    "fp": 2,
    "fn": 5,
    "tn": 73,
    "confusion_matrix": [
      [
        73,
        2
      ],
      [
        5,
        70
      ]
    ],
    "threshold": 0.6
  },
  "int8_best_threshold": {
    "accuracy": 0.9733333333333334,
    "precision": 0.961038961038961,
    "recall": 0.9866666666666667,
    "specificity": 0.96,
    "npv": 0.9863013698630136,
    "f1": 0.9736842105263158,
    "balanced_accuracy": 0.9733333333333334,
    "mcc": 0.9470034388817546,
    "fpr": 0.04,
    "fnr": 0.013333333333333334,
    "roc_auc": 0.9957333333333334,
    "average_precision": 0.9954964469560357,
    "tp": 74,
    "fp": 3,
    "fn": 1,
    "tn": 72,
    "confusion_matrix": [
      [
        72,
        3
      ],
      [
        1,
        74
      ]
    ],
    "threshold": 0.3828125
  },
  "benchmark": {
    "runs": 400,
    "mean_ms": 0.09189150000153745,
    "median_ms": 0.0851000000352542,
    "p95_ms": 0.09822999999187193,
    "max_ms": 0.5806000000347922
  },
  "epochs_ran": 26,
  "best_val_accuracy": 0.9733333587646484,
  "best_val_loss": 0.06514590233564377
}