{
  "meta": {
    "input_quantization": {
      "scale": 0.03960784524679184,
      "zero_point": 77
    },
    "output_quantization": {
      "scale": 0.00390625,
      "zero_point": -128
    },
    "threshold": 0.4,
    "sample_rate": 16000,
    "input_samples": 32000,
    "feature_window_samples": 9952,
    "window_hop_seconds": 1.0
  },
  "sample_level_all": {
    "count": 145,
    "positive": 66,
    "negative": 79,
    "accuracy": 0.8551724137931035,
    "precision": 1.0,
    "recall": 0.6818181818181818,
    "f1": 0.8108108108108109,
    "specificity": 1.0,
    "tp": 45,
    "fp": 0,
    "fn": 21,
    "tn": 79,
    "roc_auc": 0.9323935558112774,
    "average_precision": 0.9366395178670777
  },
  "window_level_all": {
    "count": 4813,
    "positive": 66,
    "negative": 4747,
    "accuracy": 0.9956368169540827,
    "precision": 1.0,
    "recall": 0.6818181818181818,
    "f1": 0.8108108108108109,
    "specificity": 1.0,
    "tp": 45,
    "fp": 0,
    "fn": 21,
    "tn": 4747,
    "roc_auc": 0.9529479543699052,
    "average_precision": 0.8821119939926381
  },
  "by_split": {
    "test_set": {
      "sample_level": {
        "count": 30,
        "positive": 26,
        "negative": 4,
        "accuracy": 0.7,
        "precision": 1.0,
        "recall": 0.6538461538461539,
        "f1": 0.7906976744186046,
        "specificity": 1.0,
        "tp": 17,
        "fp": 0,
        "fn": 9,
        "tn": 4,
        "roc_auc": 0.9519230769230769,
        "average_precision": 0.9897435897435898
      },
      "window_level": {
        "count": 215,
        "positive": 26,
        "negative": 189,
        "accuracy": 0.958139534883721,
        "precision": 1.0,
        "recall": 0.6538461538461539,
        "f1": 0.7906976744186046,
        "specificity": 1.0,
        "tp": 17,
        "fp": 0,
        "fn": 9,
        "tn": 189,
        "roc_auc": 0.9601139601139602,
        "average_precision": 0.9323792486583184
      }
    },
    "train_set": {
      "sample_level": {
        "count": 84,
        "positive": 20,
        "negative": 64,
        "accuracy": 0.9285714285714286,
        "precision": 1.0,
        "recall": 0.7,
        "f1": 0.8235294117647058,
        "specificity": 1.0,
        "tp": 14,
        "fp": 0,
        "fn": 6,
        "tn": 64,
        "roc_auc": 0.8914062500000001,
        "average_precision": 0.8506652661064426
      },
      "window_level": {
        "count": 3712,
        "positive": 20,
        "negative": 3692,
        "accuracy": 0.9983836206896551,
        "precision": 1.0,
        "recall": 0.7,
        "f1": 0.8235294117647058,
        "specificity": 1.0,
        "tp": 14,
        "fp": 0,
        "fn": 6,
        "tn": 3692,
        "roc_auc": 0.9224742686890575,
        "average_precision": 0.7939900078369906
      }
    },
    "validation_set": {
      "sample_level": {
        "count": 31,
        "positive": 20,
        "negative": 11,
        "accuracy": 0.8064516129032258,
        "precision": 1.0,
        "recall": 0.7,
        "f1": 0.8235294117647058,
        "specificity": 1.0,
        "tp": 14,
        "fp": 0,
        "fn": 6,
        "tn": 11,
        "roc_auc": 0.9681818181818181,
        "average_precision": 0.9797580645161291
      },
      "window_level": {
        "count": 886,
        "positive": 20,
        "negative": 866,
        "accuracy": 0.9932279909706546,
        "precision": 1.0,
        "recall": 0.7,
        "f1": 0.8235294117647058,
        "specificity": 1.0,
        "tp": 14,
        "fp": 0,
        "fn": 6,
        "tn": 866,
        "roc_auc": 0.9746535796766743,
        "average_precision": 0.9407120015048909
      }
    }
  }
}