{
  "name": "rt_12_24_40_d24",
  "keras": "D:\\STUDY\\hrrr-radar-monitor-system\\models\\snore_realtime_optimized\\rt_12_24_40_d24\\rt_12_24_40_d24.keras",
  "tflite": "D:\\STUDY\\hrrr-radar-monitor-system\\models\\snore_realtime_optimized\\rt_12_24_40_d24\\rt_12_24_40_d24_int8.tflite",
  "header": "D:\\STUDY\\hrrr-radar-monitor-system\\models\\snore_realtime_optimized\\rt_12_24_40_d24\\rt_12_24_40_d24_snore_model_data.h",
  "keras_bytes": 198215,
  "tflite_bytes": 21576,
  "smaller_than_old_first_model": true,
  "tflite_sha256": "364598a3233e506e2048cd19da921160ed8d1417400188634b0562ad27df1e6e",
  "operators": [
    "SHAPE",
    "STRIDED_SLICE",
    "PACK",
    "RESHAPE",
    "CONV_2D",
    "MAX_POOL_2D",
    "CONV_2D",
    "MAX_POOL_2D",
    "CONV_2D",
    "MEAN",
    "FULLY_CONNECTED",
    "FULLY_CONNECTED",
    "SOFTMAX"
  ],
  "unsupported_ops": [],
  "float_fixed_threshold": {
    "accuracy": 0.98,
    "precision": 0.9864864864864865,
    "recall": 0.9733333333333334,
    "f1": 0.9798657718120806,
    "auc": 0.9948444444444444,
    "threshold": 0.6,
    "confusion_matrix": [
      [
        74,
        1
      ],
      [
        2,
        73
      ]
    ]
  },
  "int8_fixed_threshold": {
    "accuracy": 0.98,
    "precision": 0.9864864864864865,
    "recall": 0.9733333333333334,
    "specificity": 0.9866666666666667,
    "npv": 0.9736842105263158,
    "f1": 0.9798657718120806,
    "balanced_accuracy": 0.98,
    "mcc": 0.9600853447127969,
    "fpr": 0.013333333333333334,
    "fnr": 0.02666666666666667,
    "roc_auc": 0.9895111111111112,
    "average_precision": 0.9820235041565126,
    "tp": 73,
    "fp": 1,
    "fn": 2,
    "tn": 74,
    "confusion_matrix": [
      [
        74,
        1
      ],
      [
        2,
        73
      ]
    ],
    "threshold": 0.6
  },
  "int8_best_threshold": {
    "accuracy": 0.9866666666666667,
    "precision": 0.9866666666666667,
    "recall": 0.9866666666666667,
    "specificity": 0.9866666666666667,
    "npv": 0.9866666666666667,
    "f1": 0.9866666666666667,
    "balanced_accuracy": 0.9866666666666667,
    "mcc": 0.9733333333333334,
    "fpr": 0.013333333333333334,
    "fnr": 0.013333333333333334,
    "roc_auc": 0.9895111111111112,
    "average_precision": 0.9820235041565126,
    "tp": 74,
    "fp": 1,
    "fn": 1,
    "tn": 74,
    "confusion_matrix": [
      [
        74,
        1
      ],
      [
        1,
        74
      ]
    ],
    "threshold": 0.5625
  },
  "benchmark": {
    "runs": 400,
    "mean_ms": 0.0904747499981795,
    "median_ms": 0.08820000005016482,
    "p95_ms": 0.094600000011269,
    "max_ms": 0.17400000001543958
  },
  "epochs_ran": 24,
  "best_val_accuracy": 0.9800000190734863,
  "best_val_loss": 0.07639546692371368
}