{
  "current_deployed": {
    "model_path": "D:\\STUDY\\hrrr-radar-monitor-system\\models\\snore_realtime_optimized\\external_eval_snore_detection_first\\current_deployed.tflite",
    "model_bytes": 13512,
    "sample_level_all": {
      "count": 145,
      "positive": 66,
      "negative": 79,
      "accuracy": 0.6482758620689655,
      "precision": 0.5652173913043478,
      "recall": 0.9848484848484849,
      "f1": 0.7182320441988951,
      "specificity": 0.3670886075949367,
      "tp": 65,
      "fp": 50,
      "fn": 1,
      "tn": 29,
      "roc_auc": 0.7906597621787496,
      "average_precision": 0.6834161361384135
    },
    "window_level_all": {
      "count": 4813,
      "positive": 66,
      "negative": 4747,
      "accuracy": 0.8560149594847288,
      "precision": 0.08586525759577279,
      "recall": 0.9848484848484849,
      "f1": 0.15795868772782504,
      "specificity": 0.8542237202443649,
      "tp": 65,
      "fp": 692,
      "fn": 1,
      "tn": 4055,
      "roc_auc": 0.9782542083995635,
      "average_precision": 0.36869168048381135
    }
  },
  "rt_12_24_32_d24": {
    "model_path": "D:\\STUDY\\hrrr-radar-monitor-system\\models\\snore_realtime_optimized\\rt_12_24_32_d24\\rt_12_24_32_d24_int8.tflite",
    "model_bytes": 19432,
    "sample_level_all": {
      "count": 145,
      "positive": 66,
      "negative": 79,
      "accuracy": 0.6827586206896552,
      "precision": 0.5943396226415094,
      "recall": 0.9545454545454546,
      "f1": 0.7325581395348837,
      "specificity": 0.45569620253164556,
      "tp": 63,
      "fp": 43,
      "fn": 3,
      "tn": 36,
      "roc_auc": 0.8691983122362869,
      "average_precision": 0.7956055037885357
    },
    "window_level_all": {
      "count": 4813,
      "positive": 66,
      "negative": 4747,
      "accuracy": 0.890504882609599,
      "precision": 0.10732538330494037,
      "recall": 0.9545454545454546,
      "f1": 0.19295558958652373,
      "specificity": 0.88961449336423,
      "tp": 63,
      "fp": 524,
      "fn": 3,
      "tn": 4223,
      "roc_auc": 0.9819997957242533,
      "average_precision": 0.38455895683903585
    }
  },
  "rt_16_24_32_d24": {
    "model_path": "D:\\STUDY\\hrrr-radar-monitor-system\\models\\snore_realtime_optimized\\rt_16_24_32_d24\\rt_16_24_32_d24_int8.tflite",
    "model_bytes": 20448,
    "sample_level_all": {
      "count": 145,
      "positive": 66,
      "negative": 79,
      "accuracy": 0.7793103448275862,
      "precision": 0.6770833333333334,
      "recall": 0.9848484848484849,
      "f1": 0.8024691358024691,
      "specificity": 0.6075949367088608,
      "tp": 65,
      "fp": 31,
      "fn": 1,
      "tn": 48,
      "roc_auc": 0.8756233218258535,
      "average_precision": 0.7953555957712898
    },
    "window_level_all": {
      "count": 4813,
      "positive": 66,
      "negative": 4747,
      "accuracy": 0.9306046125077914,
      "precision": 0.16331658291457288,
      "recall": 0.9848484848484849,
      "f1": 0.2801724137931034,
      "specificity": 0.9298504318516958,
      "tp": 65,
      "fp": 333,
      "fn": 1,
      "tn": 4414,
      "roc_auc": 0.9873396914159501,
      "average_precision": 0.4892051887462071
    }
  },
  "rt_16_32_32_d32": {
    "model_path": "D:\\STUDY\\hrrr-radar-monitor-system\\models\\snore_realtime_optimized\\rt_16_32_32_d32\\rt_16_32_32_d32_int8.tflite",
    "model_bytes": 24624,
    "sample_level_all": {
      "count": 145,
      "positive": 66,
      "negative": 79,
      "accuracy": 0.7310344827586207,
      "precision": 0.6336633663366337,
      "recall": 0.9696969696969697,
      "f1": 0.7664670658682635,
      "specificity": 0.5316455696202531,
      "tp": 64,
      "fp": 37,
      "fn": 2,
      "tn": 42,
      "roc_auc": 0.8381281166091293,
      "average_precision": 0.7486288789346079
    },
    "window_level_all": {
      "count": 4813,
      "positive": 66,
      "negative": 4747,
      "accuracy": 0.8952836068979846,
      "precision": 0.11307420494699646,
      "recall": 0.9696969696969697,
      "f1": 0.20253164556962025,
      "specificity": 0.8942489993680219,
      "tp": 64,
      "fp": 502,
      "fn": 2,
      "tn": 4245,
      "roc_auc": 0.9812816388021781,
      "average_precision": 0.465340369683684
    }
  },
  "rt_12_24_40_d24": {
    "model_path": "D:\\STUDY\\hrrr-radar-monitor-system\\models\\snore_realtime_optimized\\rt_12_24_40_d24\\rt_12_24_40_d24_int8.tflite",
    "model_bytes": 21576,
    "sample_level_all": {
      "count": 145,
      "positive": 66,
      "negative": 79,
      "accuracy": 0.7448275862068966,
      "precision": 0.6407766990291263,
      "recall": 1.0,
      "f1": 0.7810650887573964,
      "specificity": 0.5316455696202531,
      "tp": 66,
      "fp": 37,
      "fn": 0,
      "tn": 42,
      "roc_auc": 0.8594169543536632,
      "average_precision": 0.7640918393646866
    },
    "window_level_all": {
      "count": 4813,
      "positive": 66,
      "negative": 4747,
      "accuracy": 0.9092042385206732,
      "precision": 0.1312127236580517,
      "recall": 1.0,
      "f1": 0.23198594024604569,
      "specificity": 0.9079418580155888,
      "tp": 66,
      "fp": 437,
      "fn": 0,
      "tn": 4310,
      "roc_auc": 0.9855730253876451,
      "average_precision": 0.4512224837014358
    }
  }
}